Number,Background,Skin,Mouth,Body,Eyes,Head
001,Red,Violet,-,-,-,-
002,Blue,Dark Cyan,-,-,-,Rainbow Hat
003,Hot Pink,Grayscale,-,-,-,Knight Helmet
004,Sea Green,Red,-,Black Bow Tie,-,-
005,Green,Fire,-,-,3D Glasses,-
006,Orange,Orange,-,-,Rainbow Shades,-
007,Light Orange,Dark Pink,-,-,Cool Dude Glasses,-
008,Light Purple,Blue,-,-,VR Goggles,-
009,Light Blue,Cream,-,-,-,Doctor
010,Indigo Blue,Persian Green,-,-,Skydiving Goggles,-
011,Grayscale,Light Purple,-,-,Eye Patch,Red Durag
012,Purple,Pale Green,-,-,Lazer Light,-
013,Dark Blue,Kelly Green,-,-,-,Pokemon Hat
014,Night Sky,Dark Purple,-,-,-,-
015,Light Blue,Grayscale,-,-,-,Red Mohawk
016,Grayscale,Light Orange,-,Gold Chain,-,-
017,Pink,Hunter Green,-,Red Scarf,-,-
018,Indigo Blue,Pink,-,-,Rainbow Spectacles,-
019,Pink,Violet,-,-,-,Queen Crown
020,Light Blue,Violet,-,-,Rainbow Shades,-
021,Grayscale,Dark Cyan,-,Red Scarf,-,Red Mohawk
022,Purple,Pink,-,-,-,Queen Crown
023,Night Sky,Violet,-,Gold Chain,Rainbow Spectacles,-
024,Sea Green,Hunter Green,-,Gold Chain,-,Knight Helmet
025,Pink,Blue,-,-,Eye Patch,Blue Durag
026,Light Orange,Dark Pink,-,-,Eye Patch,Purple Durag
027,Grayscale,Fire,-,-,Eye Patch,Brown Durag
028,Light Purple,Grayscale,-,-,Eye Patch,Black Durag
029,Night Sky,Orange,-,-,Cool Dude Glasses,-
030,Orange,Dark Cyan,-,-,Lazer Light,-
031,Green,Blue,-,-,Skydiving Goggles,-
032,Sea Green,Dark Pink,-,-,-,Pokemon Hat
033,Sea Green,Light Purple,-,Black Bow Tie,Skydiving Goggles,Red Mohawk
034,Light Blue,Light Purple,-,Black Bow Tie,-,Queen Crown
035,Green,Light Orange,-,Black Bow Tie,3D Glasses,-
036,Green,Light Purple,-,-,-,Doctor
037,Purple,Dark Purple,-,Red Scarf,-,Knight Helmet
038,Orange,Persian Green,-,Red Scarf,Rainbow Shades,-
039,Night Sky,Hunter Green,-,-,-,Doctor
040,Light Purple,Pale Green,-,-,-,Rainbow Hat
041,Pink,Cream,-,-,Cool Dude Glasses,Rainbow Hat
042,Purple,Blue,-,-,Cool Dude Glasses,Queen Crown
043,Light Blue,Dark Pink,-,-,Cool Dude Glasses,Pokemon Hat
044,Night Sky,Fire,-,-,Rainbow Shades,Rainbow Hat
045,Light Purple,Cream,-,-,Skydiving Goggles,Rainbow Hat
046,Sea Green,Dark Purple,-,Gold Chain,-,Rainbow Hat
047,Orange,Kelly Green,-,Red Scarf,-,Knight Helmet
048,Light Orange,Kelly Green,-,-,3D Glasses,Red Mohawk
049,Purple,Dark Purple,-,-,Cool Dude Glasses,Red Mohawk
050,Pink,Dark Purple,-,-,Cool Dude Glasses,Queen Crown
051,Dark Blue,Orange,-,Black Bow Tie,Cool Dude Glasses,-
052,Light Orange,Persian Green,-,Gold Chain,VR Goggles,-
053,Dark Blue,Pink,-,Blue Scarf,Rainbow Spectacles,Queen Crown
054,Blue,Orange,-,Black Bow Tie,Rainbow Spectacles,Airpods
055,Pink,Red,-,-,-,Red Mohawk
056,Grayscale,Pink,-,-,-,Pokemon Hat
057,Grayscale,Grayscale,-,-,3D Glasses,-
058,Mountain Sky,Red,-,-,Eye Patch,Angel Halo
059,Dark Blue,Crocodile,-,Gold Chain,Red Glasses,Rainbow Hat
060,Mountain Sky,Fire,-,-,Lazer Light,-
061,Light Orange,Blue,-,Red Scarf,Golden Glasses,Devil Horns
062,Night Sky,Fire,-,-,3D Glasses,Devil Horns
063,Light Blue,Independance Blue,-,Red Scarf,Skydiving Goggles,Queen Crown
064,Sea Green,Independance Blue,-,Black Bow Tie,3D Glasses,Devil Horns
065,Indigo Blue,Pink,-,Black Bow Tie,Golden Glasses,-
066,Night Sky,Blue,-,Black Scarf,Golden Glasses,Queen Crown
067,Light Orange,Blue,-,-,-,Straw Hat
068,Sea Green,Light Orange,-,-,Cool Dude Glasses,Red Mohawk
069,Light Blue,Kelly Green,-,Black Bow Tie,-,Devil Horns
070,Pink,Crocodile,-,Red Scarf,VR Goggles,-
071,Indigo Blue,Orange,-,-,-,Red Mohawk
072,Light Purple,Violet,-,Black Bow Tie,-,Knight Helmet
073,Light Orange,Kelly Green,-,Black Bow Tie,Cool Dude Glasses,Red Durag
074,Hot Pink,Independance Blue,-,Black Bow Tie,Golden Glasses,Straw Hat
075,Green,Dark Cyan,-,Blue Scarf,Eye Patch,Airpods
076,Blue,Red,-,-,-,-
077,Pink,Crocodile,-,-,Skydiving Goggles,Queen Crown
078,Sea Green,Dark Purple,-,-,-,Straw Hat
079,Sea Green,Dark Purple,-,-,Red Glasses,Pokemon Hat
080,Dark Blue,Cream,-,Black Scarf,-,Devil Horns
081,Sea Green,Hunter Green,-,Blue Scarf,Rainbow Spectacles,Angel Halo
082,Hot Pink,Pigeon Blue,-,Black Scarf,-,Airpods
083,Mountain Sky,Dark Pink,-,Blue Scarf,Skydiving Goggles,Queen Crown
084,Sea Green,Pigeon Blue,-,Black Bow Tie,Eye Patch,Rainbow Hat
085,Light Blue,Crocodile,Fangs,Blue Scarf,Red Glasses,Doctor
086,Green,Crocodile,-,Black Bow Tie,Red Glasses,Pokemon Hat
087,Light Blue,Persian Green,-,Gold Chain,Red Glasses,Doctor
088,Hot Pink,Pigeon Blue,-,Blue Scarf,-,Straw Hat
089,Light Blue,Orange,-,Red Scarf,-,Airpods
090,Purple,Orange,-,Black Scarf,-,Straw Hat
091,Purple,Pigeon Blue,-,Gold Chain,-,Queen Crown
092,Grayscale,Kelly Green,-,Blue Scarf,VR Goggles,-
093,Light Orange,Dark Purple,-,Black Scarf,-,Red Durag
094,Dark Blue,Fire,-,Black Bow Tie,Eye Patch,Airpods
095,Dark Blue,Kelly Green,-,Blue Scarf,Golden Glasses,Queen Crown
096,Dark Blue,Light Purple,-,Black Bow Tie,-,Devil Horns
097,Orange,Light Purple,-,Black Scarf,-,Queen Crown
098,Dark Blue,Dark Purple,-,-,Red Glasses,-
099,Purple,Blue,-,-,-,Straw Hat
100,Pink,Dark Cyan,-,-,-,Devil Horns
101,Indigo Blue,Persian Green,-,-,Cool Dude Glasses,Top Hat
102,Indigo Blue,Hunter Green,-,Blue Tie,Cool Dude Glasses,Rainbow Hat
103,Grayscale,Dark Purple,-,Rainbow Tie,-,Rainbow Hat
104,Light Blue,Dark Cyan,-,Black Scarf,Rainbow Shades,Rainbow Hat
105,Green,Independance Blue,-,Superman Logo,-,Angel Halo
106,Light Purple,Pigeon Blue,-,Red Tie,-,Red Mohawk
107,Sea Green,Blue,-,Superman Logo,Cool Dude Glasses,Pink Mohawk
108,Light Purple,Crocodile,-,Silver Hooped Chain,-,Blue Durag
109,Dark Blue,Pale Green,-,Blue Tie,3D Glasses,Airpods
110,Orange,Dark Pink,-,Black Bow Tie,-,White Durag
111,Hot Pink,Grayscale,-,Blue Tie,-,Pink Mohawk
112,Purple,Fire,-,Blue Tie,Skydiving Goggles,Black Mohawk
113,Orange,Dark Cyan,-,Red Tie,Rainbow Spectacles,Black Mohawk
114,Mountain Sky,Pink,Cigarette,Black Scarf,-,Headphones
115,Purple,Pigeon Blue,-,Superman Logo,Lazer Light,Angel Halo
116,Light Orange,Pigeon Blue,Cigarette,Blue Scarf,VR Goggles,-
117,Hot Pink,Fire,-,Blue Scarf,Red Glasses,Airpods
118,Light Orange,Dark Purple,-,Red Tie,-,Red Durag
119,Night Sky,Light Orange,-,Rainbow Tie,-,Pink Mohawk
120,Purple,Light Purple,-,Suit,-,-
121,Light Blue,Light Orange,Cigarette,Black Bow Tie,Skydiving Goggles,Angel Halo
122,Light Blue,Independance Blue,-,Red Tie,-,Santa Hat
123,Blue,Dark Purple,-,Suit,-,Pokemon Hat
124,Light Orange,Pigeon Blue,-,Rainbow Tie,3D Glasses,Airpods
125,Light Orange,Light Purple,-,Red Tie,-,Yellow Durag
126,Blue,Fire,-,Black Bow Tie,Rainbow Spectacles,Headphones
127,Mountain Sky,Violet,-,-,-,Headphones
128,Light Blue,Dark Pink,-,Black Scarf,3D Glasses,Airpods
129,Orange,Cream,-,Rainbow Tie,3D Glasses,Angel Halo
130,Light Blue,Pigeon Blue,-,Blue Scarf,-,Pink Mohawk
131,Grayscale,Hunter Green,-,Blue Scarf,-,-
132,Indigo Blue,Cream,-,Blue Scarf,-,Headphones
133,Grayscale,Violet,Cigarette,-,Golden Glasses,Angel Halo
134,Blue,Light Purple,-,Blue Tie,Cool Dude Glasses,Blue Mohawk
135,Orange,Fire,-,Rainbow Tie,-,Doctor
136,Light Purple,Pigeon Blue,-,Red Tie,Eye Patch,Red Durag
137,Green,Pale Green,-,Superman Logo,Cool Dude Glasses,Pink Mohawk
138,Dark Blue,Dark Pink,-,Suit,3D Glasses,Airpods
139,Blue,Orange,-,Red Scarf,3D Glasses,Headphones
140,Light Purple,Violet,-,Black Scarf,3D Glasses,Black Mohawk
141,Dark Blue,Pigeon Blue,-,-,-,Santa Hat
142,Hot Pink,Red,-,Blue Tie,VR Goggles,Airpods
143,Purple,Cream,-,Blue Tie,3D Glasses,Angel Halo
144,Light Orange,Pink,-,Rainbow Tie,-,Black Mohawk
145,Purple,Crocodile,-,Suit,-,Headphones
146,Sea Green,Pale Green,-,Black Bow Tie,-,Devil Horns
147,Mountain Sky,Pigeon Blue,-,Suit,Cool Dude Glasses,Yellow Durag
148,Purple,Dark Pink,-,Red Tie,-,Angel Halo
149,Light Purple,Light Purple,Fangs,Blue Tie,Skydiving Goggles,Devil Horns
150,Hot Pink,Cream,-,Suit,Skydiving Goggles,-
151,Grayscale,Dark Cyan,-,Superman Logo,Skydiving Goggles,Queen Crown
152,Light Orange,Cream,Fangs,Suit,Red Glasses,Headphones
153,Indigo Blue,Pigeon Blue,Cigarette,Blue Tie,Cool Dude Glasses,Devil Horns
154,Purple,Independance Blue,-,Rainbow Tie,Red Glasses,Devil Horns
155,Indigo Blue,Violet,-,Gold Chain,Golden Glasses,Queen Crown
156,Orange,Crocodile,-,Red Tie,Skydiving Goggles,Airpods
157,Green,Independance Blue,Cigarette,Superman Logo,-,Black Mohawk
158,Indigo Blue,Cream,-,Red Tie,-,Top Hat
159,Night Sky,Dark Cyan,-,-,Rainbow Shades,Angel Halo
160,Light Purple,Hunter Green,-,Silver Hooped Chain,Red Glasses,Red Mohawk
161,Light Orange,Blue,-,Black Bow Tie,Rainbow Shades,Headphones
162,Indigo Blue,Pigeon Blue,-,Rainbow Tie,3D Glasses,Devil Horns
163,Mountain Sky,Violet,-,Blue Tie,Red Glasses,Straw Hat
164,Light Orange,Grayscale,-,Red Tie,VR Goggles,-
165,Light Purple,Orange,Cigarette,Blue Scarf,-,Devil Horns
166,Sea Green,Red,-,Blue Tie,Cool Dude Glasses,Headphones
167,Indigo Blue,Violet,Cigarette,Red Tie,Eye Patch,Angel Halo
168,Purple,Independance Blue,-,Blue Scarf,-,Santa Hat
169,Night Sky,Persian Green,-,Superman Logo,Cool Dude Glasses,-
170,Light Blue,Cream,-,Blue Scarf,Cool Dude Glasses,Angel Halo
171,Light Orange,Pink,-,Silver Hooped Chain,Skydiving Goggles,Black Mohawk
172,Light Purple,Red,Cigarette,Blue Scarf,Rainbow Spectacles,-
173,Orange,Dark Pink,-,Suit,-,Blue Durag
174,Orange,Dark Purple,-,Rainbow Tie,-,Rainbow Hat
175,Orange,Fire,-,Rainbow Tie,-,Black Mohawk
176,Hot Pink,Pink,-,Blue Scarf,Rainbow Shades,Black Mohawk
177,Light Blue,Fire,Cigarette,Blue Scarf,-,Airpods
178,Blue,Violet,Fangs,Red Tie,-,White Durag
179,Light Orange,Fire,-,-,-,Rainbow Hat
180,Orange,Pink,-,Black Scarf,-,Pink Mohawk
181,Light Purple,Kelly Green,-,Blue Scarf,Lazer Light,Airpods
182,Night Sky,Pigeon Blue,-,Blue Scarf,3D Glasses,-
183,Hot Pink,Hunter Green,-,Rainbow Tie,-,Black Mohawk
184,Light Blue,Persian Green,Cigarette,Silver Hooped Chain,Golden Glasses,-
185,Blue,Dark Purple,Cigarette,-,Rainbow Shades,Devil Horns
186,Light Orange,Dark Cyan,-,Rainbow Tie,Cool Dude Glasses,Devil Horns
187,Purple,Orange,-,Black Scarf,Rainbow Shades,-
188,Orange,Kelly Green,-,Rainbow Tie,Cool Dude Glasses,Angel Halo
189,Indigo Blue,Pigeon Blue,Cigarette,Gold Chain,Golden Glasses,-
190,Blue,Dark Purple,Cigarette,-,Red Glasses,Rainbow Hat
191,Light Orange,Blue,Cigarette,Rainbow Tie,-,Rainbow Hat
192,Orange,Hunter Green,Fangs,Rainbow Tie,-,Top Hat
193,Night Sky,Fire,-,Black Bow Tie,-,Queen Crown
194,Indigo Blue,Dark Pink,Cigarette,Black Bow Tie,3D Glasses,-
195,Pink,Cream,Cigarette,Blue Scarf,-,Headphones
196,Dark Blue,Persian Green,-,Blue Tie,Cool Dude Glasses,Airpods
197,Sea Green,Orange,Cigarette,Suit,Rainbow Spectacles,Angel Halo
198,Indigo Blue,Hunter Green,-,Red Scarf,3D Glasses,Santa Hat
199,Light Purple,Light Orange,-,Black Scarf,-,Top Hat
200,Orange,Kelly Green,-,-,Cool Dude Glasses,Angel Halo
201,Rainbow,Light Orange,-,Red Scarf,-,Top Hat
202,Volcano,Dark Pink,-,Gold Chain,Rainbow Shades,Devil Horns
203,Diagonal,Red,-,-,-,Queen Crown
204,Green,Grayscale,-,Blue Scarf,Golden Glasses,Top Hat
205,Plants,Dark Cyan,-,Rainbow Tie,Eye Patch,Headphones
206,Green,Cream,-,Gold Chain,Rainbow Shades,Angel Halo
207,Light Blue,Persian Green,-,-,Golden Glasses,Airpods
208,Dark Blue,Pink,-,Black Scarf,-,Rainbow Hat
209,Mountain Sky,Crocodile,-,Blue Tie,Rainbow Spectacles,WSB Hat
210,Night Sky,Orange,-,Suit,Golden Glasses,-
211,Rainbow,Hunter Green,Cigarette,Blue Scarf,-,-
212,Lightning,Fire,-,Red Scarf,3D Glasses,Straw Hat
213,Night Sky,Crocodile,Cigarette,-,Eye Patch,Blue Mohawk
214,Night Sky,Dark Pink,-,Gold Chain,-,Yellow Durag
215,Mountain Sky,Light Orange,-,Red Tie,Rainbow Spectacles,Doctor
216,Grayscale,Pink,-,Blue Scarf,-,Birthday Hat
217,Ocean,Hunter Green,-,Black Scarf,Red Glasses,Headphones
218,Night Sky,Violet,-,Rainbow Tie,Red Glasses,Headphones
219,City,Blue,-,Suit,-,Airpods
220,Indigo Blue,Independance Blue,-,-,Rainbow Shades,King Crown
221,Mountain Sky,Light Orange,-,Suit,-,Pokemon Hat
222,Light Orange,Violet,-,-,-,Headphones
223,Lightning,Crocodile,-,-,-,Devil Horns
224,Blue,Dark Cyan,-,Silver Hooped Chain,Golden Glasses,-
225,Light Orange,Kelly Green,Fangs,Suit,-,Cowboy Hat
226,Mountain Sky,Cream,-,Red Scarf,-,Yellow Hard Hat
227,Orange,Cream,-,Red Tie,Cool Dude Glasses,Angel Halo
228,Lightning,Persian Green,-,Red Scarf,Cool Dude Glasses,Headphones
229,Mountain Sky,Cream,-,Red Scarf,Red Glasses,Clown Wig
230,Plants,Fire,-,Black Scarf,Eye Patch,Doctor
231,Swirly,Pink,-,Red Tie,Red Glasses,Headphones
232,Light Purple,Fire,Cigarette,-,-,Yellow Hard Hat
233,Ocean,Dark Cyan,-,Suit,Golden Glasses,Birthday Hat
234,Volcano,Independance Blue,-,Red Scarf,-,WSB Hat
235,Hot Pink,Fire,-,Gold Chain,VR Goggles,-
236,Volcano,Grayscale,-,Rainbow Tie,-,Angel Halo
237,Sea Green,Orange,-,Blue Tie,-,Yellow Hard Hat
238,Orange,Persian Green,-,Blue Scarf,Skydiving Goggles,Angel Halo
239,Plants,Orange,Cigarette,Blue Tie,Red Glasses,Blue Durag
240,Pink,Fire,Cigarette,Rainbow Tie,Red Glasses,Airpods
241,Orange,Dark Cyan,-,Rainbow Tie,VR Goggles,-
242,Night Sky,Red,-,Suit,Golden Glasses,Headphones
243,Sea Green,Light Purple,-,Black Bow Tie,Rainbow Spectacles,Red Mohawk
244,Plants,Independance Blue,-,Rainbow Tie,Skydiving Goggles,Pink Mohawk
245,Blue,Crocodile,Cigarette,Gold Chain,3D Glasses,Angel Halo
246,Mountain Sky,Kelly Green,-,Rainbow Tie,-,Cowboy Hat
247,Plants,Orange,Cigarette,Silver Hooped Chain,3D Glasses,Santa Hat
248,Ocean,Pigeon Blue,-,Superman Logo,-,Top Hat
249,Diagonal,Orange,-,Blue Tie,Cool Dude Glasses,Angel Halo
250,Ocean,Cream,-,Suit,Golden Glasses,Blue Mohawk
251,Mountain Sky,Red,-,Rainbow Tie,-,Cowboy Hat
252,Light Orange,Violet,-,Black Bow Tie,-,Headphones
253,Volcano,Pink,-,Red Scarf,Golden Glasses,Angel Halo
254,Diagonal,Hunter Green,-,Red Tie,-,Red Mohawk
255,Pink,Light Purple,-,Suit,-,King Crown
256,Indigo Blue,Kelly Green,-,Blue Tie,Red Glasses,Headphones
257,Indigo Blue,Crocodile,-,-,Golden Glasses,Airpods
258,City,Blue,-,Blue Scarf,Rainbow Spectacles,-
259,Ocean,Orange,-,Rainbow Tie,Skydiving Goggles,-
260,Sea Green,Red,-,Rainbow Tie,VR Goggles,-
261,Plants,Dark Cyan,-,-,-,Queen Crown
262,Green,Crocodile,-,Blue Tie,Red Glasses,Devil Horns
263,Rainbow,Dark Cyan,-,Black Bow Tie,Cool Dude Glasses,Yellow Durag
264,Ocean,Hunter Green,Cigarette,Black Bow Tie,Cool Dude Glasses,Black Mohawk
265,Light Purple,Fire,-,Rainbow Tie,Rainbow Spectacles,Blue Mohawk
266,Purple,Blue,-,Red Tie,3D Glasses,Angel Halo
267,Ocean,Fire,-,Blue Tie,-,King Crown
268,Purple,Fire,-,Black Scarf,-,Cowboy Hat
269,Hot Pink,Light Purple,-,Gold Chain,-,-
270,Mountain Sky,Red,-,Blue Scarf,Cool Dude Glasses,Cowboy Hat
271,Hot Pink,Crocodile,Cigarette,Black Scarf,-,Angel Halo
272,Rainbow,Red,-,Silver Hooped Chain,-,WSB Hat
273,Plants,Light Orange,-,Blue Tie,VR Goggles,Airpods
274,Blue,Persian Green,Fangs,Black Bow Tie,-,Yellow Hard Hat
275,Light Blue,Blue,-,Blue Scarf,-,Airpods
276,Lightning,Fire,Cigarette,Black Scarf,Golden Glasses,Cowboy Hat
277,Pink,Dark Cyan,Fangs,Superman Logo,-,Clown Wig
278,Volcano,Blue,-,Rainbow Tie,-,Red Durag
279,City,Violet,-,Blue Scarf,3D Glasses,Pink Mohawk
280,Ocean,Cream,-,Blue Scarf,-,Headphones
281,Ocean,Pink,-,Superman Logo,Skydiving Goggles,Pink Mohawk
282,Rainbow,Independance Blue,-,Rainbow Tie,Cool Dude Glasses,Queen Crown
283,Pink,Hunter Green,-,Superman Logo,Cool Dude Glasses,Pink Mohawk
284,City,Independance Blue,Cigarette,-,3D Glasses,Airpods
285,Sea Green,Dark Cyan,Cigarette,Black Bow Tie,Golden Glasses,Pokemon Hat
286,Grayscale,Violet,-,Red Tie,Eye Patch,Devil Horns
287,Sea Green,Violet,-,Blue Scarf,-,Birthday Hat
288,Lightning,Light Purple,-,Blue Scarf,Eye Patch,Rainbow Hat
289,Ocean,Fire,-,Rainbow Tie,-,Blue Mohawk
290,Rainbow,Blue,-,-,-,Devil Horns
291,Swirly,Crocodile,-,Red Tie,-,Airpods
292,Grayscale,Red,-,Blue Tie,-,Headphones
293,Swirly,Orange,-,-,Cool Dude Glasses,King Crown
294,Mountain Sky,Crocodile,-,Rainbow Tie,-,Angel Halo
295,Orange,Dark Pink,-,Blue Tie,Cool Dude Glasses,Rainbow Hat
296,Ocean,Independance Blue,-,Red Tie,Red Glasses,Headphones
297,Light Blue,Independance Blue,-,Blue Scarf,Golden Glasses,Headphones
298,Mountain Sky,Blue,-,-,-,Santa Hat
299,Lightning,Persian Green,-,Superman Logo,-,-
300,Dark Blue,Crocodile,Cigarette,Blue Tie,-,Airpods
301,Indigo Blue,Independance Blue,-,Superman Logo,-,Black Mohawk
302,Purple,Dark Purple,-,Suit,Golden Glasses,Airpods
303,Orange,Cream,-,Suit,-,WSB Hat
304,Light Purple,Hunter Green,-,Blue Tie,Golden Glasses,Clown Wig
305,Light Orange,Pale Green,-,Gold Chain,-,Top Hat
306,Rainbow,Light Purple,-,Red Tie,Cool Dude Glasses,Devil Horns
307,Ocean,Light Purple,-,Blue Tie,-,Airpods
308,Light Blue,Crocodile,Fangs,Suit,Eye Patch,Devil Horns
309,Plants,Dark Cyan,-,Silver Hooped Chain,Red Glasses,Headphones
310,Blue,Violet,-,Superman Logo,-,Birthday Hat
311,Dark Blue,Fire,-,Black Scarf,Rainbow Shades,Queen Crown
312,Mountain Sky,Orange,-,Blue Scarf,Lazer Light,Angel Halo
313,Mountain Sky,Independance Blue,-,Blue Scarf,Red Glasses,Santa Hat
314,Dark Blue,Pink,-,Gold Chain,Skydiving Goggles,Clown Wig
315,Diagonal,Cream,-,Rainbow Tie,-,King Crown
316,Mountain Sky,Pink,Cigarette,Gold Chain,Golden Glasses,Blue Mohawk
317,Lightning,Dark Cyan,Cigarette,Red Scarf,-,Clown Wig
318,Light Orange,Independance Blue,-,Superman Logo,-,Santa Hat
319,Rainbow,Light Orange,-,Red Scarf,-,-
320,Mountain Sky,Hunter Green,-,Suit,Cool Dude Glasses,-
321,Volcano,Independance Blue,-,-,Lazer Light,Angel Halo
322,Swirly,Grayscale,-,-,-,Headphones
323,Orange,Fire,Fangs,Blue Scarf,Eye Patch,-
324,Diagonal,Dark Pink,-,-,Rainbow Spectacles,Angel Halo
325,Dark Blue,Hunter Green,-,-,-,Cowboy Hat
326,Purple,Red,Cigarette,Red Tie,Eye Patch,Yellow Durag
327,Rainbow,Independance Blue,-,-,Red Glasses,Cowboy Hat
328,Lightning,Fire,-,Superman Logo,Golden Glasses,Clown Wig
329,Mountain Sky,Pale Green,-,Suit,Cool Dude Glasses,Santa Hat
330,Night Sky,Red,-,-,Skydiving Goggles,Queen Crown
331,Night Sky,Grayscale,-,Rainbow Tie,Red Glasses,-
332,Diagonal,Dark Pink,Cigarette,-,VR Goggles,Airpods
333,Light Blue,Dark Purple,-,Red Scarf,-,Queen Crown
334,Plants,Orange,-,Blue Scarf,-,White Durag
335,Indigo Blue,Kelly Green,-,-,Eye Patch,Red Mohawk
336,Volcano,Pink,-,Rainbow Tie,-,Birthday Hat
337,Plants,Hunter Green,-,Suit,-,-
338,City,Independance Blue,-,Blue Scarf,-,Black Mohawk
339,Blue,Hunter Green,-,Red Tie,Golden Glasses,Angel Halo
340,Plants,Grayscale,-,Rainbow Tie,3D Glasses,Devil Horns
341,City,Light Purple,-,-,-,Angel Halo
342,Swirly,Light Orange,-,-,-,Santa Hat
343,Dark Blue,Pink,-,Blue Scarf,Cool Dude Glasses,-
344,Mountain Sky,Red,-,-,-,WSB Hat
345,Swirly,Cream,-,Superman Logo,3D Glasses,Top Hat
346,Mountain Sky,Orange,-,-,-,Angel Halo
347,Volcano,Dark Cyan,Cigarette,Black Scarf,Eye Patch,Rainbow Hat
348,Pink,Crocodile,-,-,3D Glasses,-
349,Green,Cream,-,Red Tie,-,King Crown
350,Light Purple,Dark Purple,-,Gold Chain,Cool Dude Glasses,Top Hat
351,Purple,Kelly Green,-,Red Tie,Eye Patch,Pink Mohawk
352,Indigo Blue,Light Purple,-,Blue Scarf,Cool Dude Glasses,Yellow Hard Hat
353,Rainbow,Dark Cyan,-,-,Golden Glasses,Top Hat
354,Diagonal,Pink,-,Blue Tie,Skydiving Goggles,Queen Crown
355,Dark Blue,Dark Cyan,-,Blue Tie,Cool Dude Glasses,Queen Crown
356,Dark Blue,Crocodile,-,Superman Logo,-,Queen Crown
357,Sea Green,Fire,Cigarette,-,VR Goggles,Airpods
358,City,Light Orange,-,Rainbow Tie,Cool Dude Glasses,-
359,Ocean,Independance Blue,-,Black Scarf,-,King Crown
360,Light Orange,Dark Purple,-,Blue Tie,3D Glasses,Black Mohawk
361,Hot Pink,Red,-,Blue Scarf,Eye Patch,-
362,Light Blue,Dark Cyan,-,Rainbow Tie,Red Glasses,Headphones
363,Green,Persian Green,Cigarette,Blue Tie,Golden Glasses,Angel Halo
364,Blue,Dark Purple,-,Superman Logo,-,Headphones
365,Pink,Dark Pink,-,-,Skydiving Goggles,Devil Horns
366,Hot Pink,Fire,-,Red Tie,-,Blue Mohawk
367,Pink,Cream,-,Black Scarf,Cool Dude Glasses,Angel Halo
368,Diagonal,Pigeon Blue,-,-,Rainbow Spectacles,Devil Horns
369,Swirly,Pigeon Blue,Cigarette,Black Bow Tie,Lazer Light,-
370,Rainbow,Pigeon Blue,-,Blue Scarf,3D Glasses,Queen Crown
371,Swirly,Independance Blue,Fangs,Suit,Eye Patch,Red Mohawk
372,Swirly,Hunter Green,-,-,VR Goggles,Airpods
373,Light Orange,Violet,-,Rainbow Tie,Golden Glasses,Queen Crown
374,Diagonal,Blue,-,Superman Logo,Rainbow Spectacles,Clown Wig
375,Diagonal,Violet,-,Gold Chain,-,Angel Halo
376,Mountain Sky,Grayscale,-,Red Tie,Red Glasses,WSB Hat
377,Blue,Persian Green,-,Black Scarf,-,Blue Durag
378,Volcano,Fire,-,Rainbow Tie,Golden Glasses,Red Mohawk
379,Purple,Cream,-,Blue Scarf,-,Blue Mohawk
380,City,Light Orange,-,Blue Tie,Cool Dude Glasses,WSB Hat
381,Diagonal,Light Purple,-,Suit,Rainbow Spectacles,Clown Wig
382,Volcano,Pink,Cigarette,Blue Scarf,Rainbow Spectacles,Devil Horns
383,Mountain Sky,Pink,-,-,Golden Glasses,Pink Mohawk
384,Green,Independance Blue,-,Red Scarf,-,Top Hat
385,Lightning,Independance Blue,-,Superman Logo,Cool Dude Glasses,King Crown
386,Blue,Persian Green,-,Blue Tie,-,Angel Halo
387,Mountain Sky,Fire,-,Blue Tie,Cool Dude Glasses,Santa Hat
388,Orange,Light Purple,-,Black Scarf,Red Glasses,Airpods
389,Lightning,Pink,-,Red Tie,Eye Patch,WSB Hat
390,Mountain Sky,Pale Green,-,Black Scarf,Eye Patch,Queen Crown
391,Orange,Dark Purple,Cigarette,-,-,Devil Horns
392,Plants,Cream,Cigarette,Gold Chain,-,-
393,Purple,Persian Green,Cigarette,-,3D Glasses,Black Mohawk
394,Light Purple,Crocodile,-,Gold Chain,Red Glasses,Clown Wig
395,City,Violet,-,Blue Scarf,Golden Glasses,Clown Wig
396,Volcano,Dark Purple,-,-,Red Glasses,Devil Horns
397,Light Purple,Crocodile,-,Superman Logo,Cool Dude Glasses,WSB Hat
398,Light Purple,Light Purple,-,Black Bow Tie,Rainbow Spectacles,Pokemon Hat
399,Mountain Sky,Dark Purple,-,-,VR Goggles,-
400,Night Sky,Blue,-,-,Golden Glasses,Queen Crown
401,Swirly,Dark Purple,-,Rainbow Tie,VR Goggles,-
402,Light Blue,Orange,-,Red Scarf,-,Yellow Hard Hat
403,Orange,Light Purple,-,-,Cool Dude Glasses,-
404,Light Blue,Dark Cyan,Cigarette,Black Bow Tie,-,-
405,Indigo Blue,Violet,-,Blue Scarf,Rainbow Shades,Airpods
406,Orange,Pale Green,-,Gold Chain,3D Glasses,Rainbow Hat
407,Orange,Independance Blue,Fangs,Red Scarf,Rainbow Shades,Airpods
408,Swirly,Blue,-,Red Scarf,Golden Glasses,Clown Wig
409,Grayscale,Red,-,Black Scarf,Cool Dude Glasses,Black Mohawk
410,Blue,Persian Green,-,Black Scarf,Cool Dude Glasses,Airpods
411,Rainbow,Dark Purple,Fangs,Red Scarf,-,Headphones
412,Orange,Grayscale,-,Blue Scarf,-,Knight Helmet
413,Lightning,Light Purple,-,Red Tie,-,Airpods
414,Swirly,Dark Pink,-,Black Scarf,-,Blue Durag
415,Mountain Sky,Red,-,Suit,Rainbow Shades,-
416,Light Blue,Hunter Green,-,Red Scarf,Red Glasses,WSB Hat
417,City,Dark Purple,-,Black Bow Tie,Rainbow Shades,Rainbow Hat
418,Green,Dark Cyan,Cigarette,Rainbow Tie,Red Glasses,Clown Wig
419,Indigo Blue,Cream,-,Suit,Eye Patch,-
420,Lightning,Fire,-,Red Scarf,Red Glasses,Santa Hat
421,Pink,Dark Cyan,-,Blue Tie,Red Glasses,Rainbow Hat
422,Hot Pink,Fire,-,-,3D Glasses,Airpods
423,Plants,Violet,-,Red Scarf,VR Goggles,Airpods
424,Green,Orange,-,Gold Chain,-,Airpods
425,Ocean,Blue,-,Blue Scarf,-,-
426,Blue,Pigeon Blue,-,Black Scarf,Cool Dude Glasses,Red Mohawk
427,Ocean,Pink,-,Red Tie,-,White Durag
428,Purple,Red,-,Suit,-,Queen Crown
429,Blue,Fire,-,-,Golden Glasses,Pink Mohawk
430,Light Purple,Orange,-,Blue Tie,-,Black Mohawk
431,Light Purple,Blue,-,Black Bow Tie,-,WSB Hat
432,Blue,Pigeon Blue,-,Black Scarf,-,Top Hat
433,Night Sky,Pink,-,Blue Tie,Red Glasses,Blue Durag
434,Green,Dark Pink,-,Black Bow Tie,-,Airpods
435,Blue,Pigeon Blue,-,-,Rainbow Spectacles,-
436,Indigo Blue,Crocodile,Cigarette,Blue Scarf,Red Glasses,Blue Durag
437,Light Blue,Dark Cyan,-,-,Rainbow Shades,Airpods
438,Light Blue,Dark Cyan,-,Black Bow Tie,-,Top Hat
439,Light Blue,Dark Pink,-,-,-,Yellow Hard Hat
440,Orange,Fire,-,Black Scarf,-,King Crown
441,Light Purple,Cream,-,-,Eye Patch,Devil Horns
442,Light Purple,Dark Purple,-,Black Bow Tie,Golden Glasses,Devil Horns
443,Purple,Red,-,Rainbow Tie,-,Red Durag
444,City,Fire,-,Blue Tie,Red Glasses,Clown Wig
445,Green,Pigeon Blue,-,Black Bow Tie,Golden Glasses,Angel Halo
446,Sea Green,Independance Blue,-,Red Tie,Eye Patch,Queen Crown
447,Green,Pink,-,Blue Tie,-,Birthday Hat
448,Sea Green,Independance Blue,-,Suit,Red Glasses,Queen Crown
449,Hot Pink,Crocodile,-,Silver Hooped Chain,Rainbow Shades,Devil Horns
450,Indigo Blue,Dark Pink,-,Blue Scarf,-,Angel Halo
451,Orange,Independance Blue,-,Black Scarf,Eye Patch,Rainbow Hat
452,Green,Pigeon Blue,-,Red Scarf,-,Devil Horns
453,Green,Dark Pink,-,Gold Chain,-,Devil Horns
454,Swirly,Pale Green,Cigarette,Gold Chain,Rainbow Spectacles,Queen Crown
455,Ocean,Light Orange,-,Black Scarf,Skydiving Goggles,Headphones
456,Plants,Pale Green,-,Red Tie,Cool Dude Glasses,Queen Crown
457,Blue,Hunter Green,-,Black Bow Tie,Golden Glasses,Doctor
458,Plants,Red,-,Blue Scarf,3D Glasses,Devil Horns
459,Light Orange,Red,-,Superman Logo,Red Glasses,Pokemon Hat
460,Rainbow,Light Purple,Fangs,Suit,-,Cowboy Hat
461,Lightning,Pink,-,-,-,Rainbow Hat
462,Light Blue,Hunter Green,-,Blue Scarf,Rainbow Shades,Pink Mohawk
463,Night Sky,Independance Blue,-,Silver Hooped Chain,Eye Patch,-
464,Ocean,Pigeon Blue,-,Suit,Rainbow Spectacles,-
465,Diagonal,Independance Blue,-,-,Golden Glasses,King Crown
466,Orange,Orange,Cigarette,-,3D Glasses,Angel Halo
467,Purple,Violet,-,Red Tie,Cool Dude Glasses,-
468,Sea Green,Cream,-,Red Scarf,-,White Durag
469,Mountain Sky,Dark Cyan,-,Suit,Red Glasses,Cowboy Hat
470,Light Purple,Grayscale,-,-,Eye Patch,Headphones
471,Hot Pink,Red,-,Red Tie,Cool Dude Glasses,Airpods
472,Blue,Pigeon Blue,-,Black Scarf,-,Knight Helmet
473,Orange,Pigeon Blue,-,Suit,3D Glasses,White Durag
474,Rainbow,Pink,-,Suit,-,Queen Crown
475,Ocean,Independance Blue,-,Red Tie,Red Glasses,Straw Hat
476,Green,Dark Pink,-,Red Tie,-,Yellow Durag
477,Pink,Independance Blue,-,Red Scarf,Rainbow Shades,Black Mohawk
478,Light Blue,Fire,-,Suit,-,Top Hat
479,Mountain Sky,Dark Cyan,-,Red Scarf,Golden Glasses,Angel Halo
480,Blue,Independance Blue,-,Red Scarf,-,Birthday Hat
481,Indigo Blue,Orange,-,-,Rainbow Shades,-
482,Diagonal,Kelly Green,Cigarette,-,Red Glasses,Airpods
483,Hot Pink,Dark Cyan,Fangs,-,Red Glasses,Airpods
484,Sea Green,Pink,-,Black Bow Tie,-,Headphones
485,Pink,Fire,Fangs,-,Rainbow Spectacles,King Crown
486,Swirly,Grayscale,-,Black Bow Tie,3D Glasses,Queen Crown
487,Hot Pink,Crocodile,-,Red Scarf,Rainbow Shades,Rainbow Hat
488,Light Blue,Red,Cigarette,Rainbow Tie,Cool Dude Glasses,King Crown
489,Plants,Dark Cyan,-,Red Scarf,-,King Crown
490,Rainbow,Dark Pink,-,Gold Chain,Rainbow Spectacles,-
491,Pink,Kelly Green,-,Rainbow Tie,Skydiving Goggles,Airpods
492,Purple,Blue,-,Rainbow Tie,-,Top Hat
493,Orange,Crocodile,-,Red Tie,3D Glasses,Doctor
494,Plants,Kelly Green,-,Red Tie,-,Pink Mohawk
495,Purple,Orange,-,Black Scarf,-,Pokemon Hat
496,City,Red,-,Black Scarf,VR Goggles,-
497,Blue,Violet,-,Black Scarf,Red Glasses,Queen Crown
498,Night Sky,Dark Cyan,-,Gold Chain,-,Top Hat
499,Plants,Pigeon Blue,-,Gold Chain,-,Pokemon Hat
500,Rainbow,Crocodile,-,Black Scarf,-,WSB Hat
501,Dark Blue,Light Orange,-,-,Cool Dude Glasses,Pink Mohawk
502,Grayscale,Independance Blue,-,Silver Hooped Chain,Red Glasses,Devil Horns
503,Hot Pink,Pigeon Blue,Fangs,Rainbow Tie,Skydiving Goggles,Pink Mohawk
504,Indigo Blue,Crocodile,-,Red Scarf,Rainbow Shades,Yellow Hard Hat
505,Light Purple,Orange,-,Blue Tie,-,Top Hat
506,Light Purple,Violet,-,Gold Chain,-,Airpods
507,Purple,Hunter Green,-,Blue Tie,-,Pokemon Hat
508,Light Blue,Persian Green,-,Blue Tie,Rainbow Shades,Red Mohawk
509,Green,Pigeon Blue,-,Blue Scarf,-,Cowboy Hat
510,Green,Kelly Green,-,Blue Tie,Rainbow Spectacles,Clown Wig
511,Plants,Hunter Green,Cigarette,Blue Tie,-,Santa Hat
512,Light Purple,Grayscale,-,Silver Hooped Chain,Skydiving Goggles,Clown Wig
513,Indigo Blue,Pale Green,-,Blue Scarf,Red Glasses,-
514,Green,Violet,-,Suit,Rainbow Spectacles,Headphones
515,Purple,Kelly Green,-,Black Bow Tie,-,WSB Hat
516,Light Blue,Pale Green,-,Red Scarf,Eye Patch,Birthday Hat
517,Light Blue,Crocodile,-,Silver Hooped Chain,-,Yellow Hard Hat
518,Swirly,Independance Blue,Cigarette,Red Scarf,Golden Glasses,Yellow Hard Hat
519,Grayscale,Violet,-,Suit,Eye Patch,Clown Wig
520,Light Blue,Crocodile,-,Gold Chain,-,Angel Halo
521,Green,Kelly Green,-,-,Rainbow Shades,Queen Crown
522,Mountain Sky,Dark Cyan,-,Black Scarf,3D Glasses,Headphones
523,Pink,Orange,-,Suit,Cool Dude Glasses,Yellow Hard Hat
524,Night Sky,Pigeon Blue,-,Superman Logo,3D Glasses,Red Mohawk
525,Volcano,Blue,-,-,-,Knight Helmet
526,Orange,Persian Green,-,-,Golden Glasses,Devil Horns
527,Volcano,Pale Green,-,Blue Tie,-,Devil Horns
528,Sea Green,Dark Purple,-,Silver Hooped Chain,Cool Dude Glasses,-
529,Light Blue,Crocodile,-,Rainbow Tie,-,Airpods
530,Green,Dark Pink,-,Blue Scarf,Rainbow Shades,Angel Halo
531,Grayscale,Violet,Cigarette,-,Rainbow Shades,Blue Durag
532,Purple,Light Purple,-,-,3D Glasses,-
533,Dark Blue,Violet,-,Rainbow Tie,-,Angel Halo
534,Rainbow,Orange,Cigarette,Red Tie,Red Glasses,Yellow Hard Hat
535,Lightning,Red,-,Gold Chain,Rainbow Spectacles,Clown Wig
536,Pink,Hunter Green,-,Blue Scarf,Eye Patch,Blue Durag
537,Swirly,Persian Green,-,Gold Chain,Cool Dude Glasses,Queen Crown
538,Volcano,Orange,-,Blue Scarf,-,Clown Wig
539,Orange,Red,Cigarette,-,Rainbow Spectacles,Headphones
540,City,Crocodile,-,Blue Scarf,Golden Glasses,Queen Crown
541,Orange,Kelly Green,-,Blue Tie,-,Santa Hat
542,Orange,Persian Green,-,Black Scarf,-,Doctor
543,Plants,Pink,-,-,-,Devil Horns
544,Indigo Blue,Light Orange,-,Silver Hooped Chain,-,Santa Hat
545,Mountain Sky,Grayscale,-,Red Scarf,Cool Dude Glasses,Devil Horns
546,Mountain Sky,Fire,-,-,-,Rainbow Hat
547,Light Orange,Pale Green,-,Black Bow Tie,3D Glasses,Headphones
548,Dark Blue,Fire,Cigarette,Rainbow Tie,-,Birthday Hat
549,Purple,Pigeon Blue,Fangs,Black Scarf,3D Glasses,King Crown
550,Lightning,Violet,-,Blue Tie,-,King Crown
551,Pink,Cream,-,Blue Tie,-,-
552,Blue,Dark Purple,Cigarette,Suit,-,-
553,Orange,Hunter Green,Cigarette,Blue Scarf,Red Glasses,Cowboy Hat
554,Diagonal,Violet,-,Red Scarf,-,Clown Wig
555,Night Sky,Kelly Green,-,Rainbow Tie,-,Airpods
556,Dark Blue,Light Orange,-,Red Tie,Rainbow Shades,Devil Horns
557,Sea Green,Orange,-,-,-,White Durag
558,Ocean,Pigeon Blue,Cigarette,Superman Logo,-,-
559,Ocean,Independance Blue,-,Superman Logo,Golden Glasses,King Crown
560,Plants,Orange,-,Suit,-,-
561,Light Purple,Grayscale,-,-,-,Rainbow Hat
562,Volcano,Grayscale,-,Red Scarf,-,Blue Mohawk
563,Purple,Grayscale,-,Rainbow Tie,-,Yellow Hard Hat
564,Sea Green,Light Purple,-,Superman Logo,-,Rainbow Hat
565,Pink,Pigeon Blue,Cigarette,Red Tie,-,Airpods
566,Dark Blue,Violet,-,Black Scarf,Skydiving Goggles,King Crown
567,Volcano,Pale Green,-,Silver Hooped Chain,Golden Glasses,Birthday Hat
568,Orange,Violet,-,-,Cool Dude Glasses,Top Hat
569,Orange,Independance Blue,-,Gold Chain,Golden Glasses,-
570,Dark Blue,Persian Green,-,-,-,Knight Helmet
571,Orange,Dark Pink,-,Blue Scarf,-,Cowboy Hat
572,Mountain Sky,Pigeon Blue,Cigarette,-,Eye Patch,-
573,Blue,Independance Blue,-,-,-,Cowboy Hat
574,Purple,Grayscale,Fangs,Blue Tie,-,King Crown
575,Mountain Sky,Independance Blue,-,Rainbow Tie,Golden Glasses,Queen Crown
576,Light Blue Swirly,Independance Blue,-,Black Scarf,Red Glasses,Doctor
577,Bright Green Swirly,Red,-,Red Scarf,Skydiving Goggles,-
578,Navy Swirly,Hunter Green,-,Black Scarf,Golden Glasses,Yellow Durag
579,Navy Swirly,Independance Blue,-,Red Tie,Cool Dude Glasses,Santa Hat
580,Maroon Swirly,Independance Blue,-,Rainbow Tie,-,Clown Wig
581,Plum Swirly,Dark Purple,-,Suit,3D Glasses,Pink Mohawk
582,White Swirly,Independance Blue,-,Superman Logo,Cool Dude Glasses,Devil Horns
583,Bright Green Swirly,Light Orange,-,-,Golden Glasses,Black Mohawk
584,Bright Green Swirly,Light Purple,-,-,3D Glasses,-
585,White Swirly,Dark Cyan,Cigarette,-,Cool Dude Glasses,Airpods
586,Bright Green Swirly,Orange,Cigarette,Blue Scarf,-,-
587,Plants,Red,-,-,Cool Dude Glasses,Birthday Hat
588,Dark Green Swirly,Pale Green,-,Suit,-,Clown Wig
589,Maroon Swirly,Independance Blue,-,Black Scarf,-,-
590,Black Swirly,Pale Green,-,Suit,Golden Glasses,Clown Wig
591,Purple Swirly,Violet,Cigarette,-,Red Glasses,King Crown
592,Navy Swirly,Grayscale,-,Black Bow Tie,Cool Dude Glasses,Cowboy Hat
593,Plants,Fire,Cigarette,-,-,Airpods
594,Bright Green Swirly,Blue,-,Blue Tie,Golden Glasses,Straw Hat
595,Pink Swirly,Independance Blue,-,Gold Chain,3D Glasses,Yellow Hard Hat
596,Lightning,Crocodile,Cigarette,Black Bow Tie,Golden Glasses,Angel Halo
597,Purple Swirly,Light Purple,-,Black Scarf,Cool Dude Glasses,Queen Crown
598,White Swirly,Independance Blue,-,Blue Tie,-,King Crown
599,Plum Swirly,Hunter Green,-,Suit,-,Queen Crown
600,Purple Swirly,Crocodile,-,Gold Chain,Eye Patch,Angel Halo
601,Rainbow,Cream,Cigarette,Gold Chain,-,Santa Hat
602,Black Swirly,Grayscale,-,Rainbow Tie,-,Knight Helmet
603,Light Blue Swirly,Blue,-,-,Golden Glasses,-
604,Plum Swirly,Orange,-,-,-,Birthday Hat
605,Volcano,Violet,-,Blue Scarf,3D Glasses,Headphones
606,Yellow Swirly,Dark Cyan,Cigarette,Superman Logo,3D Glasses,Blue Mohawk
607,Plants,Orange,-,Superman Logo,-,Clown Wig
608,Orange Swirly,Pigeon Blue,-,Red Tie,Skydiving Goggles,Clown Wig
609,White Swirly,Hunter Green,-,Black Bow Tie,3D Glasses,-
610,Black Swirly,Kelly Green,-,Gold Chain,-,-
611,Purple Swirly,Dark Cyan,-,Red Scarf,Golden Glasses,Yellow Hard Hat
612,Bright Green Swirly,Pigeon Blue,-,Blue Scarf,Rainbow Spectacles,Devil Horns
613,Volcano,Independance Blue,-,Black Scarf,Red Glasses,Santa Hat
614,Maroon Swirly,Red,-,Gold Chain,Cool Dude Glasses,Cowboy Hat
615,Plum Swirly,Light Purple,-,Silver Hooped Chain,-,Straw Hat
616,Plum Swirly,Pink,-,-,Golden Glasses,-
617,White Swirly,Orange,-,Red Tie,Cool Dude Glasses,Pokemon Hat
618,Navy Swirly,Persian Green,-,-,Golden Glasses,Yellow Hard Hat
619,Night Sky,Orange,-,-,-,Red Durag
620,Orange Swirly,Pink,-,Blue Scarf,-,Birthday Hat
621,Pink Swirly,Light Orange,-,Black Bow Tie,Cool Dude Glasses,Santa Hat
622,White Swirly,Kelly Green,Cigarette,Superman Logo,Eye Patch,White Durag
623,White Swirly,Dark Purple,-,Black Scarf,Eye Patch,Pokemon Hat
624,Bright Green Swirly,Hunter Green,-,Suit,Cool Dude Glasses,-
625,Ocean,Pigeon Blue,-,Gold Chain,3D Glasses,Headphones
626,Dark Green Swirly,Orange,-,Gold Chain,VR Goggles,-
627,Lightning,Pink,-,Red Tie,Rainbow Spectacles,WSB Hat
628,Black Swirly,Independance Blue,-,-,-,Knight Helmet
629,Light Blue Swirly,Kelly Green,-,Red Scarf,Cool Dude Glasses,Doctor
630,Maroon Swirly,Light Orange,-,Black Bow Tie,Rainbow Spectacles,Angel Halo
631,Black Swirly,Fire,-,Suit,Red Glasses,Blue Durag
632,Orange Swirly,Cream,Cigarette,Red Scarf,Golden Glasses,-
633,Light Blue Swirly,Independance Blue,Cigarette,Silver Hooped Chain,Golden Glasses,Santa Hat
634,Pink Swirly,Light Purple,-,Black Bow Tie,Cool Dude Glasses,King Crown
635,Navy Swirly,Fire,-,Black Scarf,Cool Dude Glasses,Red Mohawk
636,Ocean,Kelly Green,-,Black Bow Tie,Cool Dude Glasses,Pink Mohawk
637,Maroon Swirly,Hunter Green,-,Red Tie,-,Headphones
638,Pink Swirly,Kelly Green,-,Suit,-,Airpods
639,Plum Swirly,Light Orange,-,-,Rainbow Spectacles,Santa Hat
640,Night Sky,Hunter Green,-,Rainbow Tie,-,Yellow Durag
641,Volcano,Independance Blue,-,Suit,Red Glasses,Queen Crown
642,Pink Swirly,Kelly Green,-,Rainbow Tie,-,Airpods
643,Pink Swirly,Persian Green,-,Red Scarf,3D Glasses,Pink Mohawk
644,Maroon Swirly,Light Purple,-,Silver Hooped Chain,-,Angel Halo
645,Plum Swirly,Pink,-,Superman Logo,Rainbow Spectacles,Airpods
646,Mountain Sky,Light Orange,-,Gold Chain,3D Glasses,Rainbow Hat
647,Mountain Sky,Violet,-,Black Scarf,-,-
648,White Swirly,Kelly Green,-,-,Cool Dude Glasses,Blue Durag
649,Diagonal,Blue,-,Blue Tie,Cool Dude Glasses,Pokemon Hat
650,Pink Swirly,Pale Green,Cigarette,Blue Scarf,-,Cowboy Hat
651,Plants,Pigeon Blue,-,-,3D Glasses,White Durag
652,Maroon Swirly,Grayscale,-,Blue Tie,Golden Glasses,Queen Crown
653,Ocean,Red,-,Rainbow Tie,Rainbow Shades,Cowboy Hat
654,Plum Swirly,Persian Green,Cigarette,-,-,-
655,Orange Swirly,Grayscale,-,Blue Scarf,-,White Durag
656,Ocean,Dark Cyan,-,Red Scarf,Eye Patch,Angel Halo
657,Black Swirly,Pigeon Blue,-,Suit,-,Rainbow Hat
658,White Swirly,Blue,-,Red Tie,-,Santa Hat
659,Rainbow,Hunter Green,-,Red Tie,Golden Glasses,Blue Durag
660,Purple Swirly,Blue,Fangs,Rainbow Tie,-,WSB Hat
661,Dark Green Swirly,Orange,-,Silver Hooped Chain,-,Devil Horns
662,Dark Green Swirly,Light Orange,-,Blue Scarf,Rainbow Shades,Angel Halo
663,Light Blue Swirly,Dark Cyan,-,Rainbow Tie,-,WSB Hat
664,Night Sky,Red,-,Black Scarf,Rainbow Shades,Top Hat
665,Bright Green Swirly,Dark Pink,-,Superman Logo,3D Glasses,Blue Durag
667,Yellow Swirly,Independance Blue,-,Gold Chain,-,Red Mohawk
668,Diagonal,Dark Cyan,-,-,-,Blue Durag
669,Ocean,Dark Pink,-,Red Scarf,-,-
670,Purple Swirly,Orange,-,Blue Tie,-,King Crown
671,Plants,Pale Green,-,Gold Chain,VR Goggles,Airpods
672,Light Blue Swirly,Orange,-,Blue Scarf,-,Top Hat
673,Purple Swirly,Pink,-,Red Tie,Golden Glasses,Top Hat
674,Plants,Fire,-,Rainbow Tie,-,Cowboy Hat
675,Black Swirly,Blue,Cigarette,Red Scarf,Golden Glasses,-
676,Black Swirly,Independance Blue,-,Blue Tie,Red Glasses,Yellow Hard Hat
677,Light Blue Swirly,Blue,-,Gold Chain,Eye Patch,Red Mohawk
678,Light Blue Swirly,Hunter Green,-,Red Tie,Golden Glasses,King Crown
679,Purple Swirly,Blue,-,Rainbow Tie,-,Cowboy Hat
680,Night Sky,Blue,Cigarette,Superman Logo,Golden Glasses,Headphones
681,Diagonal,Hunter Green,-,-,3D Glasses,Black Mohawk
682,Light Blue Swirly,Dark Cyan,Cigarette,Red Scarf,Red Glasses,Birthday Hat
683,Plum Swirly,Hunter Green,-,Suit,Cool Dude Glasses,Clown Wig
684,Rainbow,Orange,-,Black Bow Tie,Cool Dude Glasses,-
685,Diagonal,Persian Green,-,Black Scarf,Rainbow Spectacles,-
686,Maroon Swirly,Pigeon Blue,-,Red Tie,Red Glasses,King Crown
687,Lightning,Crocodile,-,Blue Tie,VR Goggles,-
688,Pink Swirly,Cream,-,Suit,Cool Dude Glasses,Red Durag
689,Dark Green Swirly,Pale Green,-,Superman Logo,-,Santa Hat
690,Plants,Fire,-,Gold Chain,Cool Dude Glasses,Queen Crown
691,Maroon Swirly,Independance Blue,-,Suit,-,Clown Wig
692,Yellow Swirly,Pink,-,Red Tie,-,Red Durag
693,Volcano,Dark Cyan,Cigarette,Red Tie,Cool Dude Glasses,Devil Horns
694,Light Blue Swirly,Hunter Green,-,Blue Tie,Golden Glasses,Cowboy Hat
695,Ocean,Cream,Cigarette,Blue Tie,Rainbow Shades,Queen Crown
696,Rainbow,Fire,-,-,Rainbow Spectacles,Cowboy Hat
697,Ocean,Red,-,Rainbow Tie,-,Devil Horns
698,Navy Swirly,Dark Cyan,-,Red Tie,Golden Glasses,Angel Halo
699,Pink Swirly,Crocodile,-,-,-,Angel Halo
700,Yellow Swirly,Cream,Cigarette,Black Bow Tie,-,Pokemon Hat
701,Bright Green Swirly,Dark Pink,-,Black Scarf,-,White Durag
702,White Swirly,Independance Blue,-,Silver Hooped Chain,Eye Patch,Devil Horns
703,Navy Swirly,Red,-,-,-,Red Mohawk
704,Yellow Swirly,Dark Pink,-,Red Scarf,-,Red Durag
705,Maroon Swirly,Red,Cigarette,Suit,-,Queen Crown
706,Black Swirly,Persian Green,-,-,Golden Glasses,Airpods
707,Plum Swirly,Dark Pink,-,Rainbow Tie,3D Glasses,King Crown
708,Pink Swirly,Dark Cyan,-,Silver Hooped Chain,-,Top Hat
709,Night Sky,Light Orange,-,Rainbow Tie,Cool Dude Glasses,-
710,Volcano,Crocodile,-,-,Rainbow Spectacles,Black Mohawk
711,Purple Swirly,Independance Blue,-,Blue Tie,Golden Glasses,Queen Crown
712,Purple Swirly,Blue,-,Black Bow Tie,Golden Glasses,Angel Halo
713,Plum Swirly,Dark Pink,-,Rainbow Tie,VR Goggles,-
714,Bright Green Swirly,Pigeon Blue,-,Rainbow Tie,-,Pokemon Hat
715,Maroon Swirly,Independance Blue,-,Black Scarf,-,Headphones
716,Black Swirly,Blue,Fangs,-,-,Devil Horns
717,Dark Green Swirly,Hunter Green,-,Red Scarf,-,-
718,White Swirly,Pigeon Blue,-,Rainbow Tie,-,-
719,Pink Swirly,Blue,-,Black Bow Tie,-,Queen Crown
720,Lightning,Pink,-,Rainbow Tie,3D Glasses,King Crown
721,Plum Swirly,Dark Pink,-,-,-,Straw Hat
722,City,Hunter Green,-,Red Tie,Rainbow Spectacles,Airpods
723,Light Blue Swirly,Dark Purple,-,Black Scarf,Red Glasses,Santa Hat
724,Mountain Sky,Grayscale,-,-,Rainbow Shades,Queen Crown
725,White Swirly,Light Orange,-,Blue Scarf,Golden Glasses,Cowboy Hat
726,Dark Green Swirly,Pale Green,-,Gold Chain,-,Airpods
727,Purple Swirly,Persian Green,-,Silver Hooped Chain,-,King Crown
728,Navy Swirly,Pink,-,Blue Tie,Red Glasses,Rainbow Hat
729,Pink Swirly,Pigeon Blue,-,Black Scarf,Skydiving Goggles,Headphones
730,Bright Green Swirly,Hunter Green,-,Gold Chain,Lazer Light,Airpods
731,Light Blue Swirly,Hunter Green,-,Superman Logo,Skydiving Goggles,Santa Hat
732,Orange Swirly,Red,-,Rainbow Tie,-,Knight Helmet
733,Black Swirly,Persian Green,Cigarette,-,Golden Glasses,WSB Hat
734,Diagonal,Orange,-,Red Tie,3D Glasses,Headphones
735,Bright Green Swirly,Light Orange,-,Rainbow Tie,Cool Dude Glasses,Devil Horns
736,Bright Green Swirly,Pale Green,-,Red Scarf,Eye Patch,Headphones
737,Light Blue Swirly,Blue,Cigarette,Red Tie,-,Pokemon Hat
738,Navy Swirly,Pale Green,Cigarette,-,-,Cowboy Hat
739,Volcano,Grayscale,-,-,-,Top Hat
740,Yellow Swirly,Blue,-,-,Eye Patch,Devil Horns
741,Ocean,Dark Cyan,-,Black Scarf,Eye Patch,Angel Halo
742,Light Blue Swirly,Fire,-,-,Cool Dude Glasses,Clown Wig
743,Volcano,Crocodile,-,Blue Scarf,Lazer Light,Airpods
744,White Swirly,Pigeon Blue,-,Silver Hooped Chain,Red Glasses,Airpods
745,Orange Swirly,Blue,Cigarette,Black Scarf,-,Pokemon Hat
746,Light Blue Swirly,Dark Pink,-,-,Rainbow Shades,Airpods
747,White Swirly,Grayscale,Cigarette,Red Scarf,Golden Glasses,Airpods
748,Mountain Sky,Persian Green,Cigarette,Superman Logo,Cool Dude Glasses,-
749,City,Pigeon Blue,Fangs,Superman Logo,-,Clown Wig
750,City,Pale Green,Cigarette,Blue Tie,3D Glasses,Queen Crown
751,Diagonal,Dark Cyan,-,Red Scarf,Rainbow Spectacles,King Crown
752,Pink Swirly,Dark Purple,Cigarette,Red Scarf,Eye Patch,Top Hat
753,Volcano,Blue,-,Blue Scarf,Golden Glasses,Red Mohawk
754,Pink Swirly,Blue,-,Black Scarf,Cool Dude Glasses,Yellow Hard Hat
755,Bright Green Swirly,Dark Cyan,-,Superman Logo,-,King Crown
756,Bright Green Swirly,Violet,Fangs,-,Eye Patch,Pokemon Hat
757,Pink Swirly,Hunter Green,-,-,3D Glasses,Yellow Durag
758,Night Sky,Pigeon Blue,-,-,Golden Glasses,Red Mohawk
759,Dark Green Swirly,Pale Green,-,Rainbow Tie,Red Glasses,Yellow Hard Hat
760,Pink Swirly,Pale Green,-,Blue Tie,Red Glasses,-
761,Yellow Swirly,Persian Green,-,Red Tie,Rainbow Spectacles,-
762,Ocean,Cream,-,Blue Tie,Eye Patch,Red Durag
763,Light Blue Swirly,Dark Cyan,Fangs,Red Tie,-,Santa Hat
764,City,Grayscale,-,Silver Hooped Chain,Golden Glasses,Clown Wig
765,Ocean,Violet,-,Blue Tie,Eye Patch,Black Mohawk
766,Navy Swirly,Pigeon Blue,-,Blue Tie,Red Glasses,Devil Horns
767,Night Sky,Grayscale,-,-,Golden Glasses,Rainbow Hat
768,Pink Swirly,Kelly Green,-,Gold Chain,-,Pokemon Hat
769,Orange Swirly,Independance Blue,-,Red Tie,-,Straw Hat
770,Maroon Swirly,Dark Purple,-,Blue Scarf,Golden Glasses,King Crown
771,Dark Green Swirly,Pale Green,-,-,-,King Crown
772,Plum Swirly,Kelly Green,-,Blue Scarf,-,Pink Mohawk
773,Mountain Sky,Persian Green,-,Black Bow Tie,-,Airpods
774,City,Light Orange,-,-,3D Glasses,Headphones
775,Plum Swirly,Grayscale,-,Red Scarf,Eye Patch,Knight Helmet
776,Volcano,Independance Blue,-,Suit,Cool Dude Glasses,Airpods
777,Volcano,Pale Green,-,-,Red Glasses,Clown Wig
778,Maroon Swirly,Pigeon Blue,-,Superman Logo,Rainbow Spectacles,-
779,Purple Swirly,Independance Blue,-,-,Rainbow Shades,Airpods
780,Lightning,Persian Green,Cigarette,Black Bow Tie,Golden Glasses,Headphones
781,Maroon Swirly,Pale Green,-,Black Scarf,3D Glasses,Airpods
782,Bright Green Swirly,Dark Pink,-,Blue Tie,Skydiving Goggles,Yellow Hard Hat
783,Black Swirly,Pale Green,-,Black Scarf,Golden Glasses,Yellow Hard Hat
784,Maroon Swirly,Pigeon Blue,-,-,-,Rainbow Hat
785,Navy Swirly,Orange,-,Black Scarf,Red Glasses,-
786,Maroon Swirly,Crocodile,-,Blue Scarf,-,Knight Helmet
787,Navy Swirly,Grayscale,Cigarette,Red Scarf,Rainbow Spectacles,Airpods
788,Orange Swirly,Pigeon Blue,-,Blue Scarf,Eye Patch,-
789,Purple Swirly,Fire,-,Red Tie,Golden Glasses,Top Hat
790,Yellow Swirly,Dark Pink,-,Red Scarf,3D Glasses,Top Hat
791,Light Blue Swirly,Dark Purple,-,Black Bow Tie,-,Blue Durag
792,White Swirly,Independance Blue,-,Black Bow Tie,Golden Glasses,Yellow Durag
793,Plum Swirly,Violet,-,Black Bow Tie,-,Pink Mohawk
794,Lightning,Kelly Green,Cigarette,Red Tie,-,Santa Hat
795,Purple Swirly,Dark Pink,-,-,Rainbow Spectacles,Pink Mohawk
796,Ocean,Independance Blue,-,Suit,-,Red Mohawk
797,Black Swirly,Hunter Green,-,Red Tie,Red Glasses,Airpods
798,Purple Swirly,Pigeon Blue,-,Black Scarf,Rainbow Spectacles,King Crown
799,Purple Swirly,Hunter Green,-,Red Tie,Red Glasses,Airpods
800,Dark Green Swirly,Dark Pink,-,-,Red Glasses,WSB Hat
801,Dark Green Swirly,Persian Green,-,Red Tie,Rainbow Shades,Queen Crown
802,Purple Swirly,Fire,-,Blue Scarf,-,Angel Halo
803,Rainbow,Light Orange,-,-,Skydiving Goggles,-
804,Lightning,Cream,Cigarette,-,-,Angel Halo
805,Ocean,Dark Purple,-,Suit,Skydiving Goggles,Rainbow Hat
806,Bright Green Swirly,Red,Cigarette,Red Tie,-,-
807,White Swirly,Pale Green,-,Silver Hooped Chain,-,Devil Horns
808,Navy Swirly,Kelly Green,-,Blue Scarf,-,Queen Crown
809,Lightning,Cream,-,Rainbow Tie,Golden Glasses,Angel Halo
810,Purple Swirly,Persian Green,-,-,Cool Dude Glasses,King Crown
811,Night Sky,Hunter Green,-,Red Tie,Cool Dude Glasses,Knight Helmet
812,Volcano,Dark Pink,-,-,Rainbow Spectacles,Airpods
813,Ocean,Independance Blue,-,Rainbow Tie,Red Glasses,Pokemon Hat
814,Lightning,Red,-,Red Scarf,-,-
815,Purple Swirly,Orange,-,Red Scarf,-,Top Hat
816,Pink Swirly,Dark Pink,-,Blue Scarf,Eye Patch,Top Hat
817,Bright Green Swirly,Violet,Cigarette,Blue Tie,Cool Dude Glasses,Clown Wig
818,Orange Swirly,Pink,Cigarette,-,-,Headphones
819,White Swirly,Fire,-,Red Scarf,Cool Dude Glasses,-
820,Black Swirly,Light Purple,-,Blue Tie,-,Yellow Hard Hat
821,Black Swirly,Crocodile,-,Red Scarf,Golden Glasses,Airpods
822,Volcano,Independance Blue,Cigarette,Blue Scarf,VR Goggles,Angel Halo
823,Dark Green Swirly,Cream,-,Blue Scarf,3D Glasses,Devil Horns
824,Maroon Swirly,Violet,-,Red Tie,-,Pokemon Hat
825,Black Swirly,Dark Cyan,-,Red Scarf,Cool Dude Glasses,Blue Durag
826,Dark Green Swirly,Pink,-,Gold Chain,Red Glasses,Black Mohawk
827,Diagonal,Fire,-,Red Tie,Cool Dude Glasses,King Crown
828,Night Sky,Independance Blue,Cigarette,Suit,3D Glasses,Doctor
829,Bright Green Swirly,Independance Blue,-,-,Red Glasses,Airpods
830,Plum Swirly,Dark Pink,-,Blue Tie,Golden Glasses,Devil Horns
831,Black Swirly,Crocodile,-,Red Scarf,-,Straw Hat
832,City,Cream,-,Superman Logo,Cool Dude Glasses,Angel Halo
833,Orange Swirly,Hunter Green,-,Red Tie,Cool Dude Glasses,Clown Wig
834,Diagonal,Grayscale,-,Blue Tie,Rainbow Shades,Black Mohawk
835,Dark Green Swirly,Light Orange,-,-,Skydiving Goggles,-
836,Pink Swirly,Fire,-,Blue Scarf,Eye Patch,Red Mohawk
837,Light Blue Swirly,Red,-,Superman Logo,Lazer Light,Airpods
838,Black Swirly,Blue,-,Gold Chain,-,Birthday Hat
839,White Swirly,Grayscale,Cigarette,-,-,-
840,Plum Swirly,Dark Purple,-,Black Bow Tie,VR Goggles,Angel Halo
841,Diagonal,Pale Green,-,Gold Chain,Eye Patch,Devil Horns
842,Orange Swirly,Violet,-,Suit,-,Queen Crown
843,Bright Green Swirly,Dark Cyan,-,Black Scarf,Red Glasses,Queen Crown
844,Black Swirly,Crocodile,-,Blue Scarf,Cool Dude Glasses,-
845,Lightning,Blue,-,Blue Tie,Golden Glasses,Top Hat
846,Plum Swirly,Persian Green,-,-,-,Santa Hat
847,Bright Green Swirly,Kelly Green,-,Superman Logo,-,Cowboy Hat
848,Bright Green Swirly,Fire,-,-,Red Glasses,Top Hat
849,Plants,Grayscale,-,Gold Chain,Rainbow Shades,Clown Wig
850,Navy Swirly,Violet,-,Red Scarf,Skydiving Goggles,Headphones
851,Rainbow,Light Orange,-,Black Bow Tie,Cool Dude Glasses,Cowboy Hat
852,City,Fire,-,-,Red Glasses,Black Mohawk
853,White Swirly,Light Orange,-,Silver Hooped Chain,Eye Patch,Angel Halo
854,Bright Green Swirly,Pink,-,Black Scarf,Red Glasses,King Crown
855,White Swirly,Crocodile,-,Black Bow Tie,-,Queen Crown
856,Purple Swirly,Pigeon Blue,-,Red Tie,-,Pink Mohawk
857,Diagonal,Hunter Green,Cigarette,-,-,Red Durag
858,Dark Green Swirly,Orange,-,Blue Tie,Skydiving Goggles,Angel Halo
859,Orange Swirly,Pale Green,-,Black Bow Tie,Red Glasses,Airpods
860,White Swirly,Light Purple,-,-,-,Rainbow Hat
861,Dark Green Swirly,Dark Pink,-,Blue Scarf,-,King Crown
862,Light Blue Swirly,Independance Blue,-,-,Rainbow Spectacles,Red Mohawk
863,Pink Swirly,Pale Green,-,Black Scarf,Red Glasses,Black Mohawk
864,Volcano,Crocodile,-,-,Rainbow Shades,Devil Horns
865,Dark Green Swirly,Cream,-,Blue Scarf,-,-
866,White Swirly,Hunter Green,-,-,Cool Dude Glasses,King Crown
867,Yellow Swirly,Dark Cyan,-,-,Eye Patch,Airpods
868,Yellow Swirly,Dark Cyan,-,Blue Scarf,-,Yellow Durag
869,Navy Swirly,Grayscale,-,Red Scarf,Skydiving Goggles,Angel Halo
870,Pink Swirly,Crocodile,-,Black Bow Tie,Red Glasses,WSB Hat
871,White Swirly,Blue,-,Blue Scarf,Golden Glasses,Red Mohawk
872,Lightning,Light Orange,-,-,Golden Glasses,Yellow Durag
873,Black Swirly,Independance Blue,-,Black Scarf,Red Glasses,Red Durag
874,Black Swirly,Pink,-,-,-,Angel Halo
875,White Swirly,Red,Cigarette,Red Tie,-,Straw Hat
876,Black Swirly,Light Purple,-,Red Tie,-,Birthday Hat
877,Plum Swirly,Crocodile,-,Suit,Cool Dude Glasses,Straw Hat
878,Ocean,Cream,-,Rainbow Tie,3D Glasses,Devil Horns
879,Maroon Swirly,Cream,-,Rainbow Tie,-,Cowboy Hat
880,City,Violet,Fangs,-,-,Knight Helmet
881,Lightning,Fire,Cigarette,Black Bow Tie,Eye Patch,King Crown
882,City,Independance Blue,Fangs,Silver Hooped Chain,Red Glasses,Santa Hat
883,Diagonal,Blue,-,Blue Scarf,Eye Patch,Doctor
884,Yellow Swirly,Cream,-,Black Scarf,-,Clown Wig
885,Ocean,Crocodile,-,Suit,Eye Patch,Queen Crown
886,Plum Swirly,Kelly Green,-,Red Tie,Rainbow Spectacles,Rainbow Hat
887,City,Independance Blue,-,Red Scarf,-,Cowboy Hat
888,Light Blue Swirly,Dark Cyan,-,-,3D Glasses,Airpods
889,Navy Swirly,Pigeon Blue,Cigarette,Blue Scarf,-,Top Hat
890,Orange Swirly,Pigeon Blue,-,Rainbow Tie,Rainbow Shades,Queen Crown
891,Yellow Swirly,Crocodile,-,Black Scarf,Rainbow Spectacles,Angel Halo
892,Navy Swirly,Pigeon Blue,-,Blue Tie,Rainbow Spectacles,Airpods
893,Diagonal,Light Orange,-,Superman Logo,Eye Patch,Headphones
894,Yellow Swirly,Grayscale,-,Gold Chain,-,Top Hat
895,Diagonal,Cream,-,Rainbow Tie,Eye Patch,Airpods
896,Diagonal,Pigeon Blue,-,Red Tie,Red Glasses,Pink Mohawk
897,Lightning,Persian Green,-,Blue Tie,Red Glasses,King Crown
898,Pink Swirly,Crocodile,-,Superman Logo,VR Goggles,Airpods
899,Navy Swirly,Light Orange,-,Red Tie,Eye Patch,WSB Hat
900,White Swirly,Blue,-,Suit,Rainbow Shades,King Crown
901,Bright Green Swirly,Pigeon Blue,Fangs,Blue Scarf,Red Glasses,King Crown
902,Dark Green Swirly,Light Orange,-,Red Scarf,Red Glasses,Top Hat
903,Plum Swirly,Pigeon Blue,Cigarette,Gold Chain,Cool Dude Glasses,Santa Hat
904,Dark Green Swirly,Independance Blue,-,Blue Tie,-,Queen Crown
905,Diagonal,Pale Green,-,Rainbow Tie,-,Airpods
906,Plants,Violet,-,Blue Scarf,Cool Dude Glasses,Devil Horns
907,Bright Green Swirly,Orange,-,Superman Logo,VR Goggles,-
908,Bright Green Swirly,Pigeon Blue,-,Blue Tie,Rainbow Spectacles,Devil Horns
909,Yellow Swirly,Pigeon Blue,-,Suit,Golden Glasses,Straw Hat
910,Black Swirly,Orange,-,Suit,Eye Patch,Yellow Durag
911,Plants,Light Orange,-,-,Eye Patch,White Durag
912,Bright Green Swirly,Violet,-,Rainbow Tie,Eye Patch,White Durag
913,Orange Swirly,Hunter Green,Cigarette,-,-,Queen Crown
914,Plants,Kelly Green,-,Suit,-,WSB Hat
915,Bright Green Swirly,Independance Blue,-,Gold Chain,Rainbow Shades,King Crown
916,Bright Green Swirly,Orange,Cigarette,Blue Tie,-,Santa Hat
917,Orange Swirly,Pale Green,-,Blue Scarf,Rainbow Spectacles,King Crown
918,Orange Swirly,Kelly Green,-,Superman Logo,-,-
919,City,Crocodile,-,Blue Tie,-,Pink Mohawk
920,White Swirly,Blue,Cigarette,Silver Hooped Chain,-,Pink Mohawk
921,Black Swirly,Independance Blue,Cigarette,Suit,Red Glasses,Devil Horns
922,Purple Swirly,Crocodile,-,Rainbow Tie,-,Yellow Durag
923,Maroon Swirly,Pigeon Blue,-,Blue Tie,Golden Glasses,Clown Wig
924,Lightning,Pale Green,-,Superman Logo,-,Doctor
925,Yellow Swirly,Fire,-,Suit,-,Queen Crown
926,Ocean,Independance Blue,-,Blue Scarf,Red Glasses,-
927,Bright Green Swirly,Light Orange,-,Blue Tie,3D Glasses,Airpods
928,Diagonal,Fire,Cigarette,Rainbow Tie,Skydiving Goggles,Blue Mohawk
929,Pink Swirly,Blue,-,-,-,Pink Mohawk
930,Light Blue Swirly,Cream,-,Blue Scarf,-,Yellow Hard Hat
931,White Swirly,Crocodile,-,Black Scarf,-,WSB Hat
932,Pink Swirly,Crocodile,Cigarette,Rainbow Tie,-,Yellow Hard Hat
933,Volcano,Light Orange,-,-,Cool Dude Glasses,Queen Crown
934,Light Blue Swirly,Pigeon Blue,-,Red Tie,Red Glasses,Pink Mohawk
935,Maroon Swirly,Violet,Cigarette,Suit,-,WSB Hat
936,Orange Swirly,Red,-,Black Scarf,-,Birthday Hat
937,Dark Green Swirly,Hunter Green,-,Superman Logo,VR Goggles,Airpods
938,Lightning,Pigeon Blue,-,Blue Scarf,Golden Glasses,-
939,Maroon Swirly,Orange,-,Red Tie,3D Glasses,Angel Halo
940,Yellow Swirly,Independance Blue,-,Gold Chain,-,King Crown
941,City,Independance Blue,-,-,3D Glasses,Clown Wig
942,Mountain Sky,Orange,-,Suit,Skydiving Goggles,-
943,Plants,Pale Green,-,Black Scarf,Golden Glasses,Clown Wig
944,Night Sky,Red,-,Red Tie,-,Cowboy Hat
945,Plants,Violet,-,Rainbow Tie,3D Glasses,King Crown
946,Yellow Swirly,Pigeon Blue,Cigarette,Superman Logo,Cool Dude Glasses,-
947,Light Blue Swirly,Orange,-,Rainbow Tie,Cool Dude Glasses,Rainbow Hat
948,Night Sky,Pigeon Blue,-,-,Cool Dude Glasses,Headphones
949,Mountain Sky,Red,-,Rainbow Tie,-,WSB Hat
950,White Swirly,Pale Green,-,Gold Chain,Red Glasses,Queen Crown
951,Diagonal,Orange,-,Rainbow Tie,-,Pink Mohawk
952,Light Blue Swirly,Dark Pink,Cigarette,-,Golden Glasses,Clown Wig
953,Plants,Light Purple,-,-,Red Glasses,Angel Halo
954,Light Blue Swirly,Light Purple,-,-,-,Devil Horns
955,Lightning,Dark Cyan,-,-,Eye Patch,Devil Horns
956,Orange Swirly,Cream,-,-,Rainbow Shades,-
957,City,Violet,-,-,VR Goggles,Airpods
958,Orange Swirly,Dark Purple,-,Rainbow Tie,Cool Dude Glasses,Devil Horns
959,Pink Swirly,Orange,-,Gold Chain,-,Headphones
960,White Swirly,Red,-,-,Golden Glasses,Angel Halo
961,Ocean,Crocodile,-,-,Eye Patch,Angel Halo
962,Volcano,Dark Pink,-,Rainbow Tie,-,-
963,Plants,Orange,Fangs,Suit,-,-
964,Bright Green Swirly,Violet,-,Blue Scarf,Golden Glasses,King Crown
965,Light Blue Swirly,Light Orange,Fangs,Red Tie,Red Glasses,Black Mohawk
966,White Swirly,Blue,-,Blue Scarf,-,King Crown
967,Yellow Swirly,Crocodile,-,Rainbow Tie,3D Glasses,Devil Horns
968,Light Blue Swirly,Dark Pink,Cigarette,Rainbow Tie,Cool Dude Glasses,Blue Mohawk
969,White Swirly,Blue,-,Red Scarf,Cool Dude Glasses,Rainbow Hat
970,Navy Swirly,Dark Purple,-,-,-,Santa Hat
971,Diagonal,Fire,-,Blue Scarf,-,Airpods
972,Yellow Swirly,Fire,-,Red Scarf,Eye Patch,Birthday Hat
973,Plants,Violet,-,Black Bow Tie,-,Airpods
974,Ocean,Pink,-,Rainbow Tie,Rainbow Spectacles,Angel Halo
975,Maroon Swirly,Persian Green,-,-,Golden Glasses,Pink Mohawk
976,Black Swirly,Pigeon Blue,-,Blue Scarf,Rainbow Spectacles,Angel Halo
977,Plum Swirly,Pigeon Blue,Cigarette,Gold Chain,Red Glasses,Yellow Hard Hat
978,Orange Swirly,Light Purple,-,Black Scarf,Cool Dude Glasses,-
979,Lightning,Pale Green,-,Blue Scarf,-,Devil Horns
980,White Swirly,Dark Pink,-,Red Scarf,Rainbow Spectacles,Airpods
981,Yellow Swirly,Dark Purple,-,Silver Hooped Chain,Red Glasses,Queen Crown
982,Dark Green Swirly,Independance Blue,-,Suit,Rainbow Shades,Angel Halo
983,Purple Swirly,Dark Purple,-,-,Cool Dude Glasses,Headphones
984,Dark Green Swirly,Light Purple,-,Rainbow Tie,Golden Glasses,-
985,Maroon Swirly,Hunter Green,-,Silver Hooped Chain,-,Devil Horns
986,Volcano,Blue,Cigarette,Blue Scarf,VR Goggles,Angel Halo
987,City,Dark Purple,-,Silver Hooped Chain,Red Glasses,Black Mohawk
988,Navy Swirly,Blue,-,Red Tie,Cool Dude Glasses,Angel Halo
989,Light Blue Swirly,Orange,-,Suit,Cool Dude Glasses,Devil Horns
990,Purple Swirly,Crocodile,-,Red Tie,-,Cowboy Hat